{
  "builtBy": "meteor/16",
  "unibuildDependencies": {
    "os.json": {
      "files": {
        "/Users/malithisuru/Documents/Projects/ace/met/packages/pages-core/package.js": "db1a80b01be24b9ba16ad4589faadd33c0c5204e"
      },
      "directories": []
    },
    "web.browser.json": {
      "files": {
        "/Users/malithisuru/Documents/Projects/ace/met/packages/pages-core/package.js": "db1a80b01be24b9ba16ad4589faadd33c0c5204e",
        "/Users/malithisuru/Documents/Projects/ace/met/packages/pages-core/js/pages.min.js": "35982ed1803fb0f37b8acc4281331efb36be9eaa"
      },
      "directories": []
    }
  },
  "pluginDependencies": {
    "files": {
      "/Users/malithisuru/Documents/Projects/ace/met/packages/pages-core/package.js": "db1a80b01be24b9ba16ad4589faadd33c0c5204e"
    },
    "directories": []
  },
  "pluginProviderPackageMap": {
    "revox:pages-core": {
      "kind": "local",
      "sourceRoot": "/Users/malithisuru/Documents/Projects/ace/met/packages/pages-core"
    },
    "meteor": {
      "kind": "versioned",
      "version": "1.1.6"
    },
    "jquery": {
      "kind": "versioned",
      "version": "1.11.3_2"
    },
    "mizzao:bootstrap-3": {
      "kind": "versioned",
      "version": "3.2.0_1"
    },
    "momentjs:moment": {
      "kind": "versioned",
      "version": "2.10.3"
    },
    "bkruse:pace": {
      "kind": "versioned",
      "version": "0.5.1"
    },
    "gromo:jquery.scrollbar": {
      "kind": "versioned",
      "version": "0.0.1"
    },
    "cwaring:modernizr": {
      "kind": "versioned",
      "version": "3.0.0_1"
    },
    "fortawesome:fontawesome": {
      "kind": "versioned",
      "version": "4.3.0"
    }
  },
  "includeCordovaUnibuild": false
}