{
  "format": "unipackage-unibuild-pre1",
  "packageVariables": [],
  "uses": [
    {
      "package": "meteor"
    },
    {
      "package": "jquery",
      "constraint": "1.0.0 || 1.0.1 || 1.11.4"
    },
    {
      "package": "mizzao:bootstrap-3"
    },
    {
      "package": "momentjs:moment"
    },
    {
      "package": "bkruse:pace"
    },
    {
      "package": "gromo:jquery.scrollbar"
    },
    {
      "package": "cwaring:modernizr"
    },
    {
      "package": "fortawesome:fontawesome"
    }
  ],
  "resources": [
    {
      "type": "prelink",
      "file": "web.browser/packages/revox_pages-core.js",
      "length": 41780,
      "offset": 0,
      "servePath": "/packages/revox_pages-core.js",
      "sourceMap": "web.browser/packages/revox_pages-core.js.map"
    }
  ]
}