{
  "builtBy": "meteor/16",
  "unibuildDependencies": {
    "os.json": {
      "files": {
        "/Users/malithisuru/Documents/Projects/ace/met/packages/pages-calendar/package.js": "147eaec2fe59ec07d3726c5fa0dc06d3abdbaff4"
      },
      "directories": []
    },
    "web.browser.json": {
      "files": {
        "/Users/malithisuru/Documents/Projects/ace/met/packages/pages-calendar/package.js": "147eaec2fe59ec07d3726c5fa0dc06d3abdbaff4",
        "/Users/malithisuru/Documents/Projects/ace/met/packages/pages-calendar/js/pages.calendar.min.js": "06bd5669dd823fc3b24b29d62337b07e7ca3efc7"
      },
      "directories": []
    }
  },
  "pluginDependencies": {
    "files": {
      "/Users/malithisuru/Documents/Projects/ace/met/packages/pages-calendar/package.js": "147eaec2fe59ec07d3726c5fa0dc06d3abdbaff4"
    },
    "directories": []
  },
  "pluginProviderPackageMap": {
    "revox:pages-calendar": {
      "kind": "local",
      "sourceRoot": "/Users/malithisuru/Documents/Projects/ace/met/packages/pages-calendar"
    },
    "meteor": {
      "kind": "versioned",
      "version": "1.1.6"
    }
  },
  "includeCordovaUnibuild": false
}