{
  "format": "unipackage-unibuild-pre1",
  "packageVariables": [
    {
      "name": "event2Range"
    },
    {
      "name": "cellHeight"
    },
    {
      "name": "Calendar"
    },
    {
      "name": "inverseX"
    },
    {
      "name": "currentYear"
    },
    {
      "name": "currentMonth"
    }
  ],
  "uses": [
    {
      "package": "meteor"
    }
  ],
  "resources": [
    {
      "type": "prelink",
      "file": "web.browser/packages/revox_pages-calendar.js",
      "length": 45344,
      "offset": 0,
      "servePath": "/packages/revox_pages-calendar.js",
      "sourceMap": "web.browser/packages/revox_pages-calendar.js.map"
    }
  ]
}