{
	"original":
	{
		"name":"Machine",
		"pathToOriginal":"mixture/public/css/less/",
		"originalFileName":"theme",
		"colours":["#0054a6"]
	},
	"schemes":
	[
		{
			"name":"Emerald",
			"colours":["#33C68A"]
		},
		{
			"name":"Gemstone",
			"colours":["#3eb8a0"]
		},
		{
			"name":"Silica",
			"colours":["#3eabb8"]
		},
		{
			"name":"Wonka",
			"colours":["#394c91"]
		},
		{
			"name":"Sherbert",
			"colours":["#e4734b"]
		},
		{
			"name":"Ketchup",
			"colours":["#e74c3c"]
		},
		{
			"name":"Shiraz",
			"colours":["#B54E4F"]
		},
		{
			"name":"Mustard",
			"colours":["#E3AA49"]
		},
		{
			"name":"Sandstone",
			"colours":["#a79169"]
		},
		{
			"name":"Gunmetal",
			"colours":["#4d595f"]
		},
		{
			"name":"Charcoal",
			"colours":["#333333"]
		}
	]
}